Workbook

Sheet Portada
B2: OmniDock · Nodalix
B3: Plan y registro de pruebas — Sprint 3
B5: Proyecto | C5: OmniDock — plataforma de gestión de racks de micromovilidad
B6: Sprint | C6: Sprint 3
B7: Ambiente | C7: QA (backend local con perfil mock + app Android + panel web)
B8: Responsable de ejecución | C8: Carlos Román
B9: Fecha de preparación | C9: 14-10-2026
B10: Total de casos | C10: =COUNTA('Identificación Casos'!A2:A200) -> 26
B12: Cómo usar este archivo
B13: • | C13: Hoja "Identificación Casos": un caso por fila. Al ejecutar, completa solo las columnas Resultado obtenido, Resultado, Fecha ejecución y Observación.
B14: • | C14: Resultado: OK, NOK, Pendiente o Bloqueado (lista desplegable). La hoja "Control" se actualiza sola.
B15: • | C15: Columna Plataforma: Móvil (app) = celular Android · Web (admin) = panel en el navegador del PC · Web (navegador) = app en el navegador · Móvil + Web = ambos a la vez · API / Terminal = Swagger o script.
B16: • | C16: Solo incluye los casos pendientes del sprint (S3-IOT-01 a S3-IOT-07 ya se ejecutaron el 05/10 con resultado OK).
B17: • | C17: Cada caso tiene su ficha de evidencia en el Word "Evidencias_QA_S3.docx" con el mismo ID.
B19: Orden sugerido de ejecución
B20: 1. Panel web (admin) | C20: S3-UI-02 → S3-UI-03 → S3-UI-18 → S3-UI-15 → S3-UI-16 → S3-UI-17 → S3-DEF-04 (parte ticket)
B21: 2. Celular (mmunoz / ivega) | C21: S3-UI-01 → S3-UI-04 → S3-UI-05 → S3-UI-13 → S3-UI-20 → S3-UI-07 (ivega) → S3-UI-06 → S3-UI-09 → S3-UI-08 → S3-UI-19 → S3-UI-10 → S3-UI-12 → S3-UI-11 → S3-MOV-01 → S3-VEN-01
B22: 3. Celular + PC a la vez | C22: S3-UI-14 → S3-DEF-03 → S3-DEF-04 (parte reserva)
B23: 4. Al final | C23: S3-IOT-08 (backend sin perfil mock) → S3-REG-01 (regresión con el backend de nuevo en mock)
B25: Datos de prueba (seed 02_insert.sql)
B26: Administrador | C26: csoto@duocuc.cl / admin123
B27: Usuario con bicicleta | C27: mmunoz@duocuc.cl / user123 — vehículo "Trek Marlin 5"
B28: Usuario con scooter | C28: ivega@duocuc.cl / user123 — vehículo "Xiaomi Mi Pro 2"
B29: Bahías | C29: RACK-BICI-01 (libre) · RACK-BICI-02 (fuera de servicio, ticket abierto) · RACK-SCOOT-01 (ocupada) · RACK-SCOOT-02 (reservada)
B30: QR de prueba | C30: frontend/qr-prueba/RACK-*.png y QR_racks_OmniDock.pdf

Sheet Control
B2: Control de avance — Sprint 3
B4: Resumen | C4: Casos | D4: %
B5: Total de casos | C5: =COUNTA('Identificación Casos'!$A$2:$A$200) -> 26 | D5: =IFERROR(C5/$C$5,0) -> 1
B6: OK | C6: =COUNTIF('Identificación Casos'!$L$2:$L$200,"OK") -> 26 | D6: =IFERROR(C6/$C$5,0) -> 1
B7: NOK | C7: =COUNTIF('Identificación Casos'!$L$2:$L$200,"NOK") -> 0 | D7: =IFERROR(C7/$C$5,0) -> 0
B8: Pendiente | C8: =COUNTIF('Identificación Casos'!$L$2:$L$200,"Pendiente") -> 0 | D8: =IFERROR(C8/$C$5,0) -> 0
B9: Bloqueado | C9: =COUNTIF('Identificación Casos'!$L$2:$L$200,"Bloqueado") -> 0 | D9: =IFERROR(C9/$C$5,0) -> 0
B10: Avance (ejecutados) | C10: =C6+C7 -> 26 | D10: =IFERROR(C10/C5,0) -> 1
B12: Plataforma | C12: Casos | D12: OK | E12: NOK | F12: Pendiente | G12: Bloqueado
B13: Móvil (app) | C13: =COUNTIF('Identificación Casos'!$K$2:$K$200,B13) -> 16 | D13: =COUNTIFS('Identificación Casos'!$K$2:$K$200,$B13,'Identificación Casos'!$L$2:$L$200,"OK") -> 16 | E13: =COUNTIFS('Identificación Casos'!$K$2:$K$200,$B13,'Identificación Casos'!$L$2:$L$200,"NOK") -> 0 | F13: =COUNTIFS('Identificación Casos'!$K$2:$K$200,$B13,'Identificación Casos'!$L$2:$L$200,"Pendiente") -> 0 | G13: =COUNTIFS('Identificación Casos'!$K$2:$K$200,$B13,'Identificación Casos'!$L$2:$L$200,"Bloqueado") -> 0
B14: Web (admin) | C14: =COUNTIF('Identificación Casos'!$K$2:$K$200,B14) -> 6 | D14: =COUNTIFS('Identificación Casos'!$K$2:$K$200,$B14,'Identificación Casos'!$L$2:$L$200,"OK") -> 6 | E14: =COUNTIFS('Identificación Casos'!$K$2:$K$200,$B14,'Identificación Casos'!$L$2:$L$200,"NOK") -> 0 | F14: =COUNTIFS('Identificación Casos'!$K$2:$K$200,$B14,'Identificación Casos'!$L$2:$L$200,"Pendiente") -> 0 | G14: =COUNTIFS('Identificación Casos'!$K$2:$K$200,$B14,'Identificación Casos'!$L$2:$L$200,"Bloqueado") -> 0
B15: Web (navegador) | C15: =COUNTIF('Identificación Casos'!$K$2:$K$200,B15) -> 1 | D15: =COUNTIFS('Identificación Casos'!$K$2:$K$200,$B15,'Identificación Casos'!$L$2:$L$200,"OK") -> 1 | E15: =COUNTIFS('Identificación Casos'!$K$2:$K$200,$B15,'Identificación Casos'!$L$2:$L$200,"NOK") -> 0 | F15: =COUNTIFS('Identificación Casos'!$K$2:$K$200,$B15,'Identificación Casos'!$L$2:$L$200,"Pendiente") -> 0 | G15: =COUNTIFS('Identificación Casos'!$K$2:$K$200,$B15,'Identificación Casos'!$L$2:$L$200,"Bloqueado") -> 0
B16: Móvil + Web | C16: =COUNTIF('Identificación Casos'!$K$2:$K$200,B16) -> 2 | D16: =COUNTIFS('Identificación Casos'!$K$2:$K$200,$B16,'Identificación Casos'!$L$2:$L$200,"OK") -> 2 | E16: =COUNTIFS('Identificación Casos'!$K$2:$K$200,$B16,'Identificación Casos'!$L$2:$L$200,"NOK") -> 0 | F16: =COUNTIFS('Identificación Casos'!$K$2:$K$200,$B16,'Identificación Casos'!$L$2:$L$200,"Pendiente") -> 0 | G16: =COUNTIFS('Identificación Casos'!$K$2:$K$200,$B16,'Identificación Casos'!$L$2:$L$200,"Bloqueado") -> 0
B17: API / Terminal | C17: =COUNTIF('Identificación Casos'!$K$2:$K$200,B17) -> 1 | D17: =COUNTIFS('Identificación Casos'!$K$2:$K$200,$B17,'Identificación Casos'!$L$2:$L$200,"OK") -> 1 | E17: =COUNTIFS('Identificación Casos'!$K$2:$K$200,$B17,'Identificación Casos'!$L$2:$L$200,"NOK") -> 0 | F17: =COUNTIFS('Identificación Casos'!$K$2:$K$200,$B17,'Identificación Casos'!$L$2:$L$200,"Pendiente") -> 0 | G17: =COUNTIFS('Identificación Casos'!$K$2:$K$200,$B17,'Identificación Casos'!$L$2:$L$200,"Bloqueado") -> 0
B18: Total | C18: =SUM(C13:C17) -> 26 | D18: =SUM(D13:D17) -> 26 | E18: =SUM(E13:E17) -> 0 | F18: =SUM(F13:F17) -> 0 | G18: =SUM(G13:G17) -> 0
B20: Módulo | C20: Casos | D20: OK | E20: NOK | F20: Pendiente | G20: Bloqueado
B21: RF-01 Autenticación | C21: =COUNTIF('Identificación Casos'!$J$2:$J$200,B21) -> 3 | D21: =COUNTIFS('Identificación Casos'!$J$2:$J$200,$B21,'Identificación Casos'!$L$2:$L$200,"OK") -> 3 | E21: =COUNTIFS('Identificación Casos'!$J$2:$J$200,$B21,'Identificación Casos'!$L$2:$L$200,"NOK") -> 0 | F21: =COUNTIFS('Identificación Casos'!$J$2:$J$200,$B21,'Identificación Casos'!$L$2:$L$200,"Pendiente") -> 0 | G21: =COUNTIFS('Identificación Casos'!$J$2:$J$200,$B21,'Identificación Casos'!$L$2:$L$200,"Bloqueado") -> 0
B22: RF-02 Asignación | C22: =COUNTIF('Identificación Casos'!$J$2:$J$200,B22) -> 6 | D22: =COUNTIFS('Identificación Casos'!$J$2:$J$200,$B22,'Identificación Casos'!$L$2:$L$200,"OK") -> 6 | E22: =COUNTIFS('Identificación Casos'!$J$2:$J$200,$B22,'Identificación Casos'!$L$2:$L$200,"NOK") -> 0 | F22: =COUNTIFS('Identificación Casos'!$J$2:$J$200,$B22,'Identificación Casos'!$L$2:$L$200,"Pendiente") -> 0 | G22: =COUNTIFS('Identificación Casos'!$J$2:$J$200,$B22,'Identificación Casos'!$L$2:$L$200,"Bloqueado") -> 0
B23: RF-03 Comunicación IoT | C23: =COUNTIF('Identificación Casos'!$J$2:$J$200,B23) -> 1 | D23: =COUNTIFS('Identificación Casos'!$J$2:$J$200,$B23,'Identificación Casos'!$L$2:$L$200,"OK") -> 1 | E23: =COUNTIFS('Identificación Casos'!$J$2:$J$200,$B23,'Identificación Casos'!$L$2:$L$200,"NOK") -> 0 | F23: =COUNTIFS('Identificación Casos'!$J$2:$J$200,$B23,'Identificación Casos'!$L$2:$L$200,"Pendiente") -> 0 | G23: =COUNTIFS('Identificación Casos'!$J$2:$J$200,$B23,'Identificación Casos'!$L$2:$L$200,"Bloqueado") -> 0
B24: RF-06 Consulta de Bahías Disponibles | C24: =COUNTIF('Identificación Casos'!$J$2:$J$200,B24) -> 1 | D24: =COUNTIFS('Identificación Casos'!$J$2:$J$200,$B24,'Identificación Casos'!$L$2:$L$200,"OK") -> 1 | E24: =COUNTIFS('Identificación Casos'!$J$2:$J$200,$B24,'Identificación Casos'!$L$2:$L$200,"NOK") -> 0 | F24: =COUNTIFS('Identificación Casos'!$J$2:$J$200,$B24,'Identificación Casos'!$L$2:$L$200,"Pendiente") -> 0 | G24: =COUNTIFS('Identificación Casos'!$J$2:$J$200,$B24,'Identificación Casos'!$L$2:$L$200,"Bloqueado") -> 0
B25: RF-07 Escaneo e Inicio de Sesión | C25: =COUNTIF('Identificación Casos'!$J$2:$J$200,B25) -> 5 | D25: =COUNTIFS('Identificación Casos'!$J$2:$J$200,$B25,'Identificación Casos'!$L$2:$L$200,"OK") -> 5 | E25: =COUNTIFS('Identificación Casos'!$J$2:$J$200,$B25,'Identificación Casos'!$L$2:$L$200,"NOK") -> 0 | F25: =COUNTIFS('Identificación Casos'!$J$2:$J$200,$B25,'Identificación Casos'!$L$2:$L$200,"Pendiente") -> 0 | G25: =COUNTIFS('Identificación Casos'!$J$2:$J$200,$B25,'Identificación Casos'!$L$2:$L$200,"Bloqueado") -> 0
B26: RF-08 Historial de Autogestión | C26: =COUNTIF('Identificación Casos'!$J$2:$J$200,B26) -> 1 | D26: =COUNTIFS('Identificación Casos'!$J$2:$J$200,$B26,'Identificación Casos'!$L$2:$L$200,"OK") -> 1 | E26: =COUNTIFS('Identificación Casos'!$J$2:$J$200,$B26,'Identificación Casos'!$L$2:$L$200,"NOK") -> 0 | F26: =COUNTIFS('Identificación Casos'!$J$2:$J$200,$B26,'Identificación Casos'!$L$2:$L$200,"Pendiente") -> 0 | G26: =COUNTIFS('Identificación Casos'!$J$2:$J$200,$B26,'Identificación Casos'!$L$2:$L$200,"Bloqueado") -> 0
B27: RF-09 Gestión y Monitoreo de Racks | C27: =COUNTIF('Identificación Casos'!$J$2:$J$200,B27) -> 4 | D27: =COUNTIFS('Identificación Casos'!$J$2:$J$200,$B27,'Identificación Casos'!$L$2:$L$200,"OK") -> 4 | E27: =COUNTIFS('Identificación Casos'!$J$2:$J$200,$B27,'Identificación Casos'!$L$2:$L$200,"NOK") -> 0 | F27: =COUNTIFS('Identificación Casos'!$J$2:$J$200,$B27,'Identificación Casos'!$L$2:$L$200,"Pendiente") -> 0 | G27: =COUNTIFS('Identificación Casos'!$J$2:$J$200,$B27,'Identificación Casos'!$L$2:$L$200,"Bloqueado") -> 0
B28: RF-10 Administración de Usuarios y Permisos | C28: =COUNTIF('Identificación Casos'!$J$2:$J$200,B28) -> 3 | D28: =COUNTIFS('Identificación Casos'!$J$2:$J$200,$B28,'Identificación Casos'!$L$2:$L$200,"OK") -> 3 | E28: =COUNTIFS('Identificación Casos'!$J$2:$J$200,$B28,'Identificación Casos'!$L$2:$L$200,"NOK") -> 0 | F28: =COUNTIFS('Identificación Casos'!$J$2:$J$200,$B28,'Identificación Casos'!$L$2:$L$200,"Pendiente") -> 0 | G28: =COUNTIFS('Identificación Casos'!$J$2:$J$200,$B28,'Identificación Casos'!$L$2:$L$200,"Bloqueado") -> 0
B29: RF-11 Embebimiento y Exposición de Dashboards | C29: =COUNTIF('Identificación Casos'!$J$2:$J$200,B29) -> 1 | D29: =COUNTIFS('Identificación Casos'!$J$2:$J$200,$B29,'Identificación Casos'!$L$2:$L$200,"OK") -> 1 | E29: =COUNTIFS('Identificación Casos'!$J$2:$J$200,$B29,'Identificación Casos'!$L$2:$L$200,"NOK") -> 0 | F29: =COUNTIFS('Identificación Casos'!$J$2:$J$200,$B29,'Identificación Casos'!$L$2:$L$200,"Pendiente") -> 0 | G29: =COUNTIFS('Identificación Casos'!$J$2:$J$200,$B29,'Identificación Casos'!$L$2:$L$200,"Bloqueado") -> 0
B30: Todos (regresión API) | C30: =COUNTIF('Identificación Casos'!$J$2:$J$200,B30) -> 1 | D30: =COUNTIFS('Identificación Casos'!$J$2:$J$200,$B30,'Identificación Casos'!$L$2:$L$200,"OK") -> 1 | E30: =COUNTIFS('Identificación Casos'!$J$2:$J$200,$B30,'Identificación Casos'!$L$2:$L$200,"NOK") -> 0 | F30: =COUNTIFS('Identificación Casos'!$J$2:$J$200,$B30,'Identificación Casos'!$L$2:$L$200,"Pendiente") -> 0 | G30: =COUNTIFS('Identificación Casos'!$J$2:$J$200,$B30,'Identificación Casos'!$L$2:$L$200,"Bloqueado") -> 0
B31: Total | C31: =SUM(C21:C30) -> 26 | D31: =SUM(D21:D30) -> 26 | E31: =SUM(E21:E30) -> 0 | F31: =SUM(F21:F30) -> 0 | G31: =SUM(G21:G30) -> 0
B33: Se calcula sola a partir de la columna Resultado de la hoja "Identificación Casos".

Sheet Identificación Casos
A1: ID | B1: Historia | C1: Pre-condición | D1: Nombre de la prueba | E1: Paso a paso | F1: Tipo | G1: Resultado esperado | H1: Resultado obtenido | I1: Dato de prueba | J1: Módulo a probar | K1: Plataforma | L1: Resultado | M1: Candidato a automatizar | N1: Observación | O1: Responsable ejecución | P1: Complejidad | Q1: Fecha ejecución
A2: S3-UI-01 | B2: HU-01 | C2: -Backend levantado con perfil mock -BD cargada con los scripts 00 a 03 -App instalada en el celular Android (apiUrl = IP del PC:8080) -Usuario final vigente en la tabla USUARIO | D2: Validar inicio de sesión de usuario final con credenciales correctas | E2: -Abrir la app OmniDock en el celular -Tocar "Ingresar mi cuenta institucional" -Ingresar correo y contraseña del usuario -Tocar "Ingresar" | F2: Funcional | G2: El sistema acepta las credenciales y entra a la app en Inicio (/app/bahias) con el saludo "Hola, Matias" | H2: Con mmunoz@duocuc.cl / user123 se entra a Inicio con el saludo "Hola, Matias" y el vehículo Trek Marlin 5 | I2: Usuario: mmunoz@duocuc.cl / user123 (bicicleta 'Trek Marlin 5') | J2: RF-01 Autenticación | K2: Móvil (app) | L2: OK | M2: SI | O2: Carlos Román | P2: Baja | Q2: 14-10-2026
A3: S3-UI-02 | B3: HU-01 | C3: -Backend levantado con perfil mock -BD cargada con los scripts 00 a 03 -Frontend en el navegador del PC (http://localhost:8100) -Administrador vigente en la tabla USUARIO | D3: Validar inicio de sesión de administrador con credenciales correctas | E3: -Abrir http://localhost:8100 en el navegador del PC -Hacer click en "Ingresar mi cuenta institucional" -Ingresar correo y contraseña del administrador -Hacer click en "Ingresar" | F3: Funcional | G3: El sistema acepta las credenciales y entra al panel (/admin/racks) con el menú Racks, Tickets, Usuarios y Analítica | H3: El sistema acepta las credenciales y entra al panel (/admin/racks) con el menú Racks, Tickets, Usuarios y Analítica | I3: Admin: csoto@duocuc.cl / admin123 | J3: RF-01 Autenticación | K3: Web (admin) | L3: OK | M3: SI | O3: Carlos Román | P3: Baja | Q3: 14-10-2026
A4: S3-UI-03 | B4: RNF Seguridad | C4: -Backend levantado con perfil mock -BD cargada con los scripts 00 a 03 -Frontend en el navegador del PC (http://localhost:8100) | D4: Validar que un usuario final no puede entrar al panel escribiendo la ruta /admin | E4: -Iniciar sesión en http://localhost:8100 con el usuario final -En la barra de direcciones escribir http://localhost:8100/admin y presionar Enter -Probar también http://localhost:8100/admin/usuarios | F4: No Funcional | G4: El sistema no muestra el panel: redirige al Inicio de la app (/app/bahias) | H4: Al escribir /admin y /admin/usuarios el sistema no muestra el panel: el usuario queda en el Inicio de la app (/app/bahias) | I4: Usuario: mmunoz@duocuc.cl / user123 (bicicleta 'Trek Marlin 5') | J4: RF-10 Administración de Usuarios y Permisos | K4: Web (navegador) | L4: OK | M4: SI | N4: Se hace en el navegador porque la app del celular no tiene barra de direcciones | O4: Carlos Román | P4: Baja | Q4: 14-10-2026
A5: S3-UI-04 | B5: HU-01 | C5: -Backend levantado con perfil mock -BD cargada con los scripts 00 a 03 -App instalada en el celular Android (apiUrl = IP del PC:8080) | D5: Validar indicación de error al iniciar sesión con credenciales incorrectas | E5: -Abrir la app OmniDock en el celular -Tocar "Ingresar mi cuenta institucional" -Ingresar el correo correcto y una contraseña incorrecta -Tocar "Ingresar" | F5: Funcional | G5: Se muestra un mensaje claro de error de inicio de sesión. No se entra a la app | H5: Con mmunoz@duocuc.cl y contraseña incorrecta aparece el aviso rojo "Credenciales inválidas" y no se entra a la app | I5: Usuario: mmunoz@duocuc.cl - contraseña: mala123 | J5: RF-01 Autenticación | K5: Móvil (app) | L5: OK | M5: SI | O5: Carlos Román | P5: Baja | Q5: 14-10-2026
A6: S3-UI-05 | B6: HU-06 | C6: -Backend levantado con perfil mock -BD cargada con los scripts 00 a 03 -App instalada en el celular Android (apiUrl = IP del PC:8080) -Sesión iniciada con el usuario final | D6: Validar la vista de bahías agrupadas por ubicación en Inicio | E6: -Ir a la pestaña "Inicio" -Revisar los grupos por ubicación y la cantidad de bahías libres de cada uno -Escribir "patio" en "Buscar sede o edificio" -Deslizar hacia abajo para refrescar | F6: Funcional | G6: Se ven las bahías agrupadas por ubicación (Acceso Norte, Patio Central) con su estado y la cantidad de libres. El buscador filtra y se muestra "Disponibilidad actualizada hace N s" | H6: Las bahías se agrupan por sede (Acceso Norte: 1 libre; Patio Central: 1 libre) con su estado. Al buscar "Patio" solo queda Patio Central; al borrar vuelven todas. Se muestra "Disponibilidad actualizada hace N s" | I6: Usuario: mmunoz@duocuc.cl / user123 (bicicleta 'Trek Marlin 5') | J6: RF-06 Consulta de Bahías Disponibles | K6: Móvil (app) | L6: OK | M6: NO | O6: Carlos Román | P6: Baja | Q6: 14-10-2026
A7: S3-UI-06 | B7: HU-02, HU-06 | C7: -Backend levantado con perfil mock -BD cargada con los scripts 00 a 03 -App instalada en el celular Android (apiUrl = IP del PC:8080) -Sesión iniciada con el usuario final -RACK-BICI-01 en estado Disponible -El usuario no tiene otra reserva pendiente | D7: Validar reserva con vehículo compatible desde el detalle de reserva | E7: -En Inicio, tocar "Bahía RACK-BICI-01" -En "Detalle de reserva" verificar que el vehículo es "Trek Marlin 5" -Tocar "Reservar bahía" | F7: Funcional | G7: Mensaje "Reserva creada". La pantalla Escanear muestra "Reserva pendiente", la hora en "Reserva válida hasta" y la cuenta regresiva en "Tiempo restante" | H7: Con mmunoz y Trek Marlin 5 se reserva RACK-BICI-01: aparece "Reserva creada" y la pantalla Mi estacionamiento muestra "Reserva pendiente", "Reserva válida hasta 16:18" y "Tiempo restante 14:58" | I7: Usuario: mmunoz@duocuc.cl / user123 (bicicleta 'Trek Marlin 5'); bahía RACK-BICI-01 | J7: RF-02 Asignación | K7: Móvil (app) | L7: OK | M7: SI | O7: Carlos Román | P7: Media | Q7: 14-10-2026
A8: S3-UI-07 | B8: HU-02 | C8: -Backend levantado con perfil mock -BD cargada con los scripts 00 a 03 -App instalada en el celular Android (apiUrl = IP del PC:8080) -Sesión iniciada con un usuario que solo tiene scooter -RACK-BICI-01 Disponible | D8: Validar que no se puede reservar una bahía incompatible con el vehículo | E8: -En Inicio, tocar "Bahía RACK-BICI-01" (bicicletero) -Verificar el texto "No tienes un vehículo compatible con esta bahía" -Tocar "Reservar bahía" | F8: Funcional | G8: Aviso superior: "Esta bahía es para bicicleta. Registra un vehículo compatible en la pestaña Vehículos." No se crea la reserva | H8: Con ivega (solo scooter Xiaomi Mi Pro 2) el detalle de RACK-BICI-01 muestra "No tienes un vehículo compatible con esta bahía". Al tocar Reservar bahía aparece el aviso superior "Esta bahía es para bicicleta. Registra un vehículo compatible en la pestaña Vehículos." y no se crea la reserva | I8: Usuario: ivega@duocuc.cl / user123 (scooter 'Xiaomi Mi Pro 2'); bahía RACK-BICI-01 | J8: RF-02 Asignación | K8: Móvil (app) | L8: OK | M8: SI | O8: Carlos Román | P8: Media | Q8: 14-10-2026
A9: S3-UI-08 | B9: HU-07 | C9: -Backend levantado con perfil mock -BD cargada con los scripts 00 a 03 -App instalada en el celular Android (apiUrl = IP del PC:8080) -Reserva pendiente en RACK-BICI-01 (S3-UI-06) | D9: Validar check-in con el código del rack reservado | E9: -Ir a la pestaña "Escanear" -Tocar "Ingresar código" y escribir RACK-BICI-01 (o "Iniciar con QR" y escanear RACK-BICI-01.png) -Confirmar | F9: Funcional | G9: Mensaje "Sesión iniciada: candado liberado". Se ve "Sesión activa" con la bahía RACK-BICI-01 y el reloj "Tiempo de uso" avanzando | H9: Con el código de RACK-BICI-01 aparece "Sesión iniciada: candado liberado" y la pantalla Sesión activa muestra la bahía RACK-BICI-01, Tiempo de uso desde 16:10 y "Confirmación IoT: apertura recibida" | I9: Código RACK-BICI-01 | J9: RF-07 Escaneo e Inicio de Sesión | K9: Móvil (app) | L9: OK | M9: SI | O9: Carlos Román | P9: Media | Q9: 14-10-2026
A10: S3-UI-09 | B10: HU-07 | C10: -Backend levantado con perfil mock -BD cargada con los scripts 00 a 03 -App instalada en el celular Android (apiUrl = IP del PC:8080) -Reserva pendiente en RACK-BICI-01 | D10: Validar error de check-in con el código de otro rack o uno inexistente | E10: -Ir a "Escanear" > "Ingresar código" y escribir RACK-BICI-02 -Repetir con el código RACK-XXX-99 | F10: Funcional | G10: Con RACK-BICI-02: "Ese QR es de RACK-BICI-02. Tu reserva es para RACK-BICI-01." Con RACK-XXX-99: "QR no válido: la bahía no existe". La reserva sigue pendiente | H10: Al escanear con la cámara el QR de RACK-BICI-02 aparece "Ese QR es de RACK-BICI-02. Tu reserva es para RACK-BICI-01." y la reserva sigue pendiente | I10: Códigos RACK-BICI-02 y RACK-XXX-99 | J10: RF-07 Escaneo e Inicio de Sesión | K10: Móvil (app) | L10: OK | M10: SI | N10: Se usó el escáner de cámara (QR en pantalla del PC). La variante con código inexistente (RACK-XXX-99) no quedó en las capturas | O10: Carlos Román | P10: Media | Q10: 14-10-2026
A11: S3-UI-10 | B11: HU-07 | C11: -Backend levantado con perfil mock -BD cargada con los scripts 00 a 03 -App instalada en el celular Android (apiUrl = IP del PC:8080) -Sesión activa en RACK-BICI-01 (S3-UI-08) | D11: Validar el retiro escaneando el código del rack | E11: -En "Sesión activa" tocar "Ingresar código" (o "Escanear para retirar") -Escribir/escanear RACK-BICI-01 | F11: Funcional | G11: Se muestra "Retiro confirmado" y el "Resumen de tu viaje" (inicio, fin, permanencia). RACK-BICI-01 vuelve a Disponible en Inicio | H11: Al escanear RACK-BICI-01 aparece "Retiro confirmado" / "Sesión finalizada" con el Resumen de tu viaje (inicio 16:10, fin 16:14, permanencia 3 min, Trek Marlin 5) y el aviso "El dispositivo confirmó la apertura y el retiro". La bahía vuelve a estar disponible | I11: Código RACK-BICI-01 | J11: RF-07 Escaneo e Inicio de Sesión | K11: Móvil (app) | L11: OK | M11: SI | O11: Carlos Román | P11: Media | Q11: 14-10-2026
A12: S3-UI-19 | B12: HU-07 | C12: -Backend levantado con perfil mock -BD cargada con los scripts 00 a 03 -App instalada en el celular Android (apiUrl = IP del PC:8080) -Sesión activa en RACK-BICI-01 | D12: Validar error de retiro con el código de otro rack | E12: -En "Sesión activa" tocar "Ingresar código" -Escribir RACK-SCOOT-01 | F12: Funcional | G12: Mensaje "Ese QR es de RACK-SCOOT-01. Tu sesión está en RACK-BICI-01." La sesión sigue activa | H12: Al escanear con la cámara el QR de RACK-SCOOT-01 aparece "Ese QR es de RACK-SCOOT-01. Tu sesión está en RACK-BICI-01." y la sesión sigue activa (tiempo de uso 00:03:23) | I12: Código RACK-SCOOT-01 | J12: RF-07 Escaneo e Inicio de Sesión | K12: Móvil (app) | L12: OK | M12: SI | N12: Se usó el escáner de cámara (QR en pantalla del PC) | O12: Carlos Román | P12: Media | Q12: 14-10-2026
A13: S3-UI-11 | B13: HU-06 | C13: -Backend levantado con perfil mock -BD cargada con los scripts 00 a 03 -App instalada en el celular Android (apiUrl = IP del PC:8080) -Reserva pendiente nueva en RACK-BICI-01 | D13: Validar la cancelación de una reserva | E13: -Ir a "Escanear" -Tocar "Cancelar reserva" -Confirmar en el diálogo "Cancelar reserva" | F13: Funcional | G13: Mensaje "Reserva cancelada". La pantalla queda sin reserva y RACK-BICI-01 vuelve a Disponible | H13: Con la reserva pendiente en RACK-BICI-01 (válida hasta 16:33) se toca Cancelar reserva y se confirma. Aparece "Reserva cancelada", la pantalla queda sin reserva y RACK-BICI-01 vuelve a Disponible en Inicio | I13: Usuario: mmunoz@duocuc.cl / user123 (bicicleta 'Trek Marlin 5') | J13: RF-02 Asignación | K13: Móvil (app) | L13: OK | M13: SI | O13: Carlos Román | P13: Baja | Q13: 14-10-2026
A14: S3-UI-12 | B14: HU-08 | C14: -Backend levantado con perfil mock -BD cargada con los scripts 00 a 03 -App instalada en el celular Android (apiUrl = IP del PC:8080) -Uso finalizado (S3-UI-10) | D14: Validar el historial después de un uso | E14: -Ir a la pestaña "Historial" -Revisar el primer movimiento de "Movimientos recientes" | F14: Funcional | G14: Aparece el uso con fecha y hora de inicio-fin, "Sede Maipu - Acceso Norte · RACK-BICI-01", la duración y el vehículo | H14: Historial muestra primero "Hoy · 16:10-16:14 · Sede Maipu - Acceso Norte · RACK-BICI-01 · 3 min · Trek Marlin 5" y "Este mes: 1 estacionamiento", seguido de los usos anteriores | I14: Usuario: mmunoz@duocuc.cl / user123 (bicicleta 'Trek Marlin 5') | J14: RF-08 Historial de Autogestión | K14: Móvil (app) | L14: OK | M14: NO | O14: Carlos Román | P14: Baja | Q14: 14-10-2026
A15: S3-UI-13 | B15: HU-02, HU-04 | C15: -Backend levantado con perfil mock -BD cargada con los scripts 00 a 03 -App instalada en el celular Android (apiUrl = IP del PC:8080) -Sesión iniciada con el usuario final | D15: Validar registro y desactivación de un vehículo | E15: -Ir a la pestaña "Vehículos" y tocar "Registrar vehículo" -Elegir tipo Scooter y nombre "QA Scooter Prueba" -Tocar "Guardar vehículo" -En la tarjeta nueva tocar "Desactivar" y confirmar | F15: Funcional | G15: Mensaje "Vehículo registrado" y aparece en la lista. Al desactivar: "Vehículo desactivado" y desaparece de la lista | H15: Al guardar el scooter "Testing" aparece "Vehículo registrado" y se agrega a la lista. Al desactivarlo (confirmación "¿Desactivar 'Testing'? Tu historial se conserva.") aparece "Vehículo desactivado" y desaparece de la lista | I15: Tipo: Scooter - Nombre: Testing | J15: RF-02 Asignación | K15: Móvil (app) | L15: OK | M15: SI | O15: Carlos Román | P15: Baja | Q15: 14-10-2026
A16: S3-UI-20 | B16: HU-02 | C16: -Backend levantado con perfil mock -BD cargada con los scripts 00 a 03 -App instalada en el celular Android (apiUrl = IP del PC:8080) -El usuario tiene al menos dos vehículos activos | D16: Validar el cambio de vehículo seleccionado | E16: -Ir a "Vehículos" y registrar una segunda bicicleta "QA Bici 2" -Tocar "Seleccionar" en "QA Bici 2" -Volver a Inicio y revisar la tarjeta del vehículo -Abrir RACK-BICI-01 y revisar "Vehículo para esta reserva" | F16: Funcional | G16: Mensaje "QA Bici 2 quedó seleccionado". Inicio y el detalle de reserva muestran "QA Bici 2" | H16: Se registra "Test Bici" y al tocar Seleccionar aparece "Test Bici quedó seleccionado". Inicio muestra "Test Bici · Cambiar vehículo" y el detalle de reserva de RACK-BICI-01 propone "Test Bici" como vehículo | I16: Usuario: mmunoz@duocuc.cl / user123; segunda bicicleta "Test Bici" | J16: RF-02 Asignación | K16: Móvil (app) | L16: OK | M16: NO | N16: Al terminar, desactivar "QA Bici 2" | O16: Carlos Román | P16: Baja | Q16: 14-10-2026
A17: S3-UI-14 | B17: HU-09, RNF Rendimiento | C17: -Backend levantado con perfil mock -BD cargada con los scripts 00 a 03 -App instalada en el celular y panel web abierto en http://localhost:8100 -Admin con sesión en /admin/racks -RACK-BICI-01 Disponible | D17: Validar que el panel refleja una reserva de la app en 3 segundos o menos | E17: -En el PC, dejar abierta la vista Racks del panel -En el celular, reservar RACK-BICI-01 -Cronometrar desde que aparece "Reserva creada" hasta que el panel muestra RACK-BICI-01 como Reservada | F17: No Funcional | G17: El panel cambia RACK-BICI-01 a Reservada en 3 segundos o menos (el panel se refresca cada 3 s) | H17: Con el panel de racks y la app abiertos lado a lado, tras "Reserva creada" el panel cambia RACK-BICI-01 de Disponible a Reservada (actualizado 16:25:05 → 16:25:08). Cronómetro manual: el cambio se ve entre 2,48 s y 3,61 s | I17: Admin: csoto@duocuc.cl / admin123; Usuario: mmunoz@duocuc.cl / user123 (bicicleta 'Trek Marlin 5') | J17: RF-09 Gestión y Monitoreo de Racks | K17: Móvil + Web | L17: OK | M17: NO | N17: Ejecutado con la app y el panel en dos ventanas del navegador del PC. El cronómetro es manual (incluye el tiempo de reacción); el panel se refresca cada 3 s | O17: Carlos Román | P17: Media | Q17: 14-10-2026
A18: S3-UI-15 | B18: HU-09 | C18: -Backend levantado con perfil mock -BD cargada con los scripts 00 a 03 -App instalada en el celular y panel web abierto en http://localhost:8100 -RACK-BICI-01 Disponible y sin reservas | D18: Validar marcar una bahía fuera de servicio y devolverla a disponible | E18: -En Racks, abrir el menú (⋮) de RACK-BICI-01 -Elegir "Marcar fuera de servicio" -Revisar el estado en el panel y en la app -Abrir de nuevo el menú y elegir "Marcar disponible" | F18: Funcional | G18: Mensaje "Estado actualizado" en cada cambio. El estado cambia en el panel y en Inicio de la app (Fuera de servicio y luego Disponible) | H18: Al marcar RACK-BICI-01 fuera de servicio aparece "Estado actualizado" y el panel y la app (celular) la muestran Fuera de servicio. Al marcarla disponible vuelve a Disponible en ambos | I18: Admin: csoto@duocuc.cl / admin123; bahía RACK-BICI-01 | J18: RF-09 Gestión y Monitoreo de Racks | K18: Web (admin) | L18: OK | M18: SI | N18: Panel en el PC y app en el celular de forma simultánea | O18: Carlos Román | P18: Baja | Q18: 14-10-2026
A19: S3-UI-16 | B19: HU-09 | C19: -Backend levantado con perfil mock -BD cargada con los scripts 00 a 03 -Frontend en el navegador del PC (http://localhost:8100) -Admin con sesión iniciada -RACK-BICI-01 Disponible | D19: Validar la creación y resolución de un ticket de mantención | E19: -Ir a "Tickets" y hacer click en "Nuevo ticket" -Elegir el rack RACK-BICI-01 y escribir "QA: candado no responde" -Hacer click en "Crear ticket" -Revisar en Racks que RACK-BICI-01 quedó Fuera de servicio -Volver a Tickets, abrir el menú (⋮) del ticket y elegir "Pasar a Resuelto" | F19: Funcional | G19: Mensaje "Ticket creado" y la bahía queda Fuera de servicio. Al resolver: "Ticket actualizado", el ticket tiene fecha de resolución y la bahía vuelve a Disponible | H19: Se crea el ticket #0015 sobre RACK-BICI-01 ("Ticket creado") y la bahía queda Fuera de servicio en el panel y en la app. Al pasarlo a Resuelto ("Ticket actualizado") queda con fecha de resolución 14 oct 2026 15:41 y la bahía vuelve a Disponible | I19: Rack RACK-BICI-01; descripción "QA: candado no responde" | J19: RF-09 Gestión y Monitoreo de Racks | K19: Web (admin) | L19: OK | M19: SI | N19: Ticket de prueba #0015 | O19: Carlos Román | P19: Media | Q19: 14-10-2026
A20: S3-UI-17 | B20: HU-10 | C20: -Backend levantado con perfil mock -BD cargada con los scripts 00 a 03 -Frontend en el navegador del PC (http://localhost:8100) -Admin con sesión iniciada | D20: Validar creación de usuario, cambio de rol y bloqueo | E20: -Ir a "Usuarios" y hacer click en el botón de nuevo usuario -Completar RUT, nombre, correo, contraseña temporal y rol Usuario; click en "Crear usuario" -En el menú (⋮) del usuario nuevo elegir "Cambiar rol a Colaborador" -En el mismo menú elegir "Bloquear acceso" -Cerrar sesión e intentar entrar con el usuario bloqueado | F20: Funcional | G20: Mensajes "Usuario creado", "Rol actualizado" y "Usuario bloqueado". El usuario bloqueado no puede iniciar sesión | H20: Se crea el usuario "testing" ("Usuario creado", 21 usuarios). Se cambia a Colaborador ("Rol actualizado") y se bloquea ("Usuario bloqueado", estado Bloqueado). Al intentar iniciar sesión con ese usuario aparece "Usuario bloqueado: acceso denegado" y no entra | I20: RUT 12345678-9; nombre "testing"; correo test.s3@duocucl.cl; rol inicial Usuario | J20: RF-10 Administración de Usuarios y Permisos | K20: Web (admin) | L20: OK | M20: SI | N20: Se usaron datos distintos a los planificados (ver Dato de prueba). El usuario de prueba queda bloqueado | O20: Carlos Román | P20: Media | Q20: 14-10-2026
A21: S3-UI-18 | B21: HU-11 | C21: -Backend levantado con perfil mock -BD cargada con los scripts 00 a 03 -Frontend en el navegador del PC (http://localhost:8100) -Admin con sesión iniciada -Variables PBI_* sin configurar | D21: Validar la analítica sin Power BI configurado | E21: -Hacer click en "Analítica" en el menú -Esperar a que cargue la vista | F21: Funcional | G21: Se ven los indicadores calculados con la API y, en lugar del reporte, un mensaje claro con el botón "Reintentar". No queda la pantalla en blanco | H21: Se ven los indicadores (25% ocupación, 20 usuarios vigentes, 3 bahías operativas) y el mensaje "Power BI no configurado (PBI_EMBED_URL)" con el botón Reintentar. Sin pantalla en blanco | I21: Admin: csoto@duocuc.cl / admin123 | J21: RF-11 Embebimiento y Exposición de Dashboards | K21: Web (admin) | L21: OK | M21: NO | O21: Carlos Román | P21: Baja | Q21: 14-10-2026
A22: S3-MOV-01 | B22: HU-07 | C22: -Backend levantado con perfil mock -BD cargada con los scripts 00 a 03 -App instalada en el celular Android (apiUrl = IP del PC:8080) -Reserva pendiente en RACK-BICI-01 -QR RACK-BICI-01.png impreso o abierto en la pantalla del PC (frontend/qr-prueba) | D22: Validar check-in escaneando un QR real con la cámara del celular | E22: -Ir a "Escanear" y tocar "Iniciar con QR" -Si aparece "Preparando el escáner (solo la primera vez)…", esperar -Apuntar la cámara al QR de RACK-BICI-01 | F22: Funcional | G22: El escáner lee el QR y se muestra "Sesión iniciada: candado liberado" con la sesión activa en RACK-BICI-01 | H22: El escáner nativo ("Escaneo de Google en nombre de OmniDock") abre la cámara del celular y lee el QR real mostrado en la pantalla del PC. El check-in en RACK-BICI-01 queda con "Sesión iniciada: candado liberado" | I22: QR con el texto RACK-BICI-01 | J22: RF-07 Escaneo e Inicio de Sesión | K22: Móvil (app) | L22: OK | M22: NO | N22: Evidencia compartida con S3-UI-09 (lectura de cámara) y S3-UI-08 (sesión iniciada) | O22: Carlos Román | P22: Media | Q22: 14-10-2026
A23: S3-IOT-08 | B23: HU-03 | C23: -Backend levantado SIN el perfil mock (mvn spring-boot:run) -BD cargada con los scripts 00 a 03 -App instalada en el celular Android (apiUrl = IP del PC:8080) -Reserva pendiente en RACK-BICI-01 | D23: Validar check-in con el simulador IoT detenido | E23: -Reservar RACK-BICI-01 en la app -Ir a "Escanear" > "Ingresar código" y escribir RACK-BICI-01 -Revisar que la reserva sigue pendiente y la bahía sigue Reservada | F23: No Funcional | G23: Mensaje "No se pudo iniciar la sesión" (la API responde 502). No se crea la sesión: la reserva sigue pendiente y la bahía no cambia | H23: Con el backend levantado sin el perfil mock, se reserva RACK-BICI-01 (válida hasta 17:05). Al intentar el check-in aparece "No se pudo comunicar con el dispositivo IoT" (502). La reserva sigue pendiente en la app y el panel sigue mostrando RACK-BICI-01 como Reservada (16:51:54): no cambia nada en la base | I23: Código RACK-BICI-01 | J23: RF-03 Comunicación IoT | K23: Móvil (app) | L23: OK | M23: SI | N23: Backend iniciado quitando SPRING_PROFILES_ACTIVE=mock. El mensaje real de la app es "No se pudo comunicar con el dispositivo IoT" | O23: Carlos Román | P23: Alta | Q23: 14-10-2026
A24: S3-VEN-01 | B24: HU-06 | C24: -Backend levantado con perfil mock -BD cargada con los scripts 00 a 03 -App instalada en el celular Android (apiUrl = IP del PC:8080) -RESERVA_MINUTOS del backend igual a reservaMinutos de la app (15) | D24: Validar la expiración de la reserva con la ventana definida | E24: -En el detalle de RACK-BICI-01 revisar el texto "Tendrás N minutos para llegar y escanear" -Tocar "Reservar bahía" y anotar la hora de "Reserva válida hasta" -Esperar la ventana completa sin hacer check-in (~16 min) -Refrescar Escanear e Inicio | F24: Funcional | G24: La app muestra 15 minutos y la hora de vencimiento = hora de reserva + 15 min. Al vencer, la reserva desaparece y RACK-BICI-01 vuelve a Disponible | H24: La app indica "Tendrás 15 minutos para llegar y escanear". La reserva creada a las 16:25 muestra "Reserva válida hasta 16:40"; a las 16:40 el tiempo restante llega a 00:00 y al refrescar la reserva desaparece ("No tienes una reserva ni una sesión activa") y RACK-BICI-01 vuelve a Disponible | I24: Ventana: 15 minutos | J24: RF-02 Asignación | K24: Móvil (app) | L24: OK | M24: SI | N24: Reserva usada: la creada en S3-UI-14 | O24: Carlos Román | P24: Media | Q24: 14-10-2026
A25: S3-DEF-03 | B25: RNF Seguridad | C25: -Backend levantado con perfil mock -BD cargada con los scripts 00 a 03 -App instalada en el celular y panel web abierto en http://localhost:8100 -Usuario final con sesión iniciada en el celular -Admin con sesión en /admin/usuarios | D25: Validar que un usuario bloqueado no puede seguir usando su token anterior | E25: -En el celular, iniciar sesión con el usuario final y dejar la app en Inicio -En el panel, abrir el menú (⋮) de ese usuario y elegir "Bloquear acceso" -En el celular, deslizar Inicio hacia abajo para refrescar (o cambiar de pestaña) -Al terminar, en el panel elegir "Habilitar acceso" | F25: No Funcional | G25: La API responde 401 al token anterior y la app cierra la sesión y vuelve al login | H25: Con ivega con sesión abierta en el celular, el admin elige "Bloquear acceso" ("Usuario bloqueado", estado Bloqueado). Apenas se bloquea, la app pierde la sesión y vuelve al login (la API rechaza el token anterior con 401). Al intentar entrar de nuevo aparece "Usuario bloqueado: acceso denegado" | I25: Admin: csoto@duocuc.cl / admin123; Usuario: ivega@duocuc.cl / user123 (sesión abierta en el celular) | J25: RF-10 Administración de Usuarios y Permisos | K25: Móvil + Web | L25: OK | M25: SI | N25: Se usó ivega en lugar de mmunoz para no afectar la reserva de S3-VEN-01. Valida el arreglo de DEF-03 del backend nuevo | O25: Carlos Román | P25: Media | Q25: 14-10-2026
A26: S3-DEF-04 | B26: HU-09 | C26: -Backend levantado con perfil mock -BD cargada con los scripts 00 a 03 -Frontend en el navegador del PC (http://localhost:8100) -RACK-BICI-02 Fuera de servicio con ticket abierto (dato inicial) -Admin con sesión iniciada | D26: Validar que no se puede dejar DISPONIBLE una bahía con ticket o reserva vigente | E26: -En Racks, abrir el menú (⋮) de RACK-BICI-02 y elegir "Marcar disponible" -Caso reserva: reservar RACK-BICI-01 desde la app y en Swagger enviar PUT /api/v1/bahias/1 con {"idEstado": 1} usando el token del admin | F26: Funcional | G26: Ticket: se rechaza con "La bahía tiene un ticket de mantención abierto; resuélvelo antes de dejarla disponible". Reserva: 409 "La bahía tiene una reserva pendiente; cancélala antes de dejarla disponible" | H26: Al elegir "Marcar disponible" en RACK-BICI-02 (ticket abierto) el sistema rechaza el cambio con "La bahía tiene un ticket de mantención abierto; resuélvelo antes de dejarla disponible". La bahía sigue Fuera de servicio | I26: Admin: csoto@duocuc.cl / admin123; bahías RACK-BICI-02 y RACK-BICI-01 | J26: RF-09 Gestión y Monitoreo de Racks | K26: Web (admin) | L26: OK | M26: SI | N26: Validado con la regla del ticket abierto desde el panel. La variante con reserva pendiente (PUT por Swagger) no se ejecutó | O26: Carlos Román | P26: Media | Q26: 14-10-2026
A27: S3-REG-01 | B27: Todas | C27: -Backend levantado con perfil mock -BD cargada con los scripts 00 a 03 | D27: Ejecutar la regresión de la API | E27: -Desde Capstone/omnidock ejecutar: python backend/pruebas/regresion_api.py --ejecutor "Carlos Román" -Revisar el resumen en pantalla y el reporte en docs/qa/ | F27: No Funcional | G27: Pasan todos los casos salvo los defectos conocidos | H27: Corrida del 14/10/2026 16:58 con el backend nuevo y simulador mock: 97 casos, 95 pasan, 0 fallan, 2 omitidos/no aplican (S2-RES-13 requiere --esperar-expiracion; S4-ANA-01 Power BI no configurado). S2-USR-08 (DEF-03) ahora pasa con 401. Respuesta más lenta: 133 ms (límite ERS 2000 ms) | I27: 97 casos en 11 módulos | J27: Todos (regresión API) | K27: API / Terminal | L27: OK | M27: SI | N27: Se quitó S2-USR-08 de DEFECTOS_CONOCIDOS. Reporte: docs/qa/regresion_api_2026-10-14_1658.md. Antes (05/10): 94 de 97 | O27: Carlos Román | P27: Baja | Q27: 14-10-2026
